start,end,lists,kind,zone,card,text
2026-05-18,2026-05-31,33,return,main,Abhorrent Oculus,"Abhorrent Oculus returns after 14 weeks away, 2 of 33 lists (6%)"
2026-05-18,2026-05-31,33,return,side,"Boromir, Warden of the Tower","Boromir, Warden of the Tower appears for the first time, 5 of 33 lists (15%)"
2026-05-18,2026-05-31,33,return,side,Chalice of the Void,"Chalice of the Void appears for the first time, 8 of 33 lists (24%)"
2026-05-18,2026-05-31,33,return,main,Consign to Memory,"Consign to Memory moves to the mainboard, 12 of 33 lists (36%)"
2026-05-18,2026-05-31,33,return,side,Drannith Magistrate,"Drannith Magistrate appears for the first time, 3 of 33 lists (9%)"
2026-05-18,2026-05-31,33,return,side,End of the Hunt,"End of the Hunt appears for the first time, 5 of 33 lists (15%)"
2026-05-18,2026-05-31,33,return,main,Graveyard Trespasser,"Graveyard Trespasser appears for the first time, 2 of 33 lists (6%)"
2026-05-18,2026-05-31,33,return,main,"Kavaero, Mind-Bitten","Kavaero, Mind-Bitten appears for the first time, 8 of 33 lists (24%)"
2026-05-18,2026-05-31,33,return,side,Nihil Spellbomb,"Nihil Spellbomb returns after 8 weeks away, 4 of 33 lists (12%)"
2026-05-18,2026-05-31,33,return,main,Northampton Farm,"Northampton Farm appears for the first time, 2 of 33 lists (6%)"
2026-06-01,2026-06-14,59,return,side,Cling to Dust,"Cling to Dust appears for the first time, 4 of 59 lists (7%)"
2026-06-01,2026-06-14,59,return,side,Deafening Silence,"Deafening Silence returns after 10 weeks away, 4 of 59 lists (7%)"
2026-06-01,2026-06-14,59,adoption,side,Drannith Magistrate,"Drannith Magistrate climbed in the sideboard, 3/33 to 18/59 lists (9% to 31%)"
2026-06-01,2026-06-14,59,return,main,Emeritus of Ideation,"Emeritus of Ideation appears for the first time, 4 of 59 lists (7%)"
2026-06-01,2026-06-14,59,adoption,side,Nihil Spellbomb,"Nihil Spellbomb climbed in the sideboard, 4/33 to 25/59 lists (12% to 42%)"
2026-06-01,2026-06-14,59,return,main,Wrath of the Skies,"Wrath of the Skies moves to the mainboard, 15 of 59 lists (25%)"
2026-06-01,2026-06-14,59,adoption,side,Wrath of the Skies,"Wrath of the Skies fell in the sideboard, 33/33 to 44/59 lists (100% to 75%)"
2026-06-15,2026-06-28,37,copies,main,Flickerwisp,Flickerwisp down from 2.4 to 2.0 copies on average
2026-06-15,2026-06-28,37,adoption,main,Psychic Frog,"Psychic Frog climbed in the mainboard, 8/59 to 15/37 lists (14% to 41%)"
2026-06-29,2026-07-12,27,adoption,side,Clarion Conqueror,"Clarion Conqueror fell in the sideboard, 27/37 to 13/27 lists (73% to 48%)"
2026-06-29,2026-07-12,27,adoption,side,Damping Sphere,"Damping Sphere climbed in the sideboard, 12/37 to 18/27 lists (32% to 67%)"
2026-06-29,2026-07-12,27,return,side,"Emrakul, the Aeons Torn","Emrakul, the Aeons Torn appears for the first time, 3 of 27 lists (11%)"
2026-06-29,2026-07-12,27,copies,main,Flickerwisp,Flickerwisp up from 2.0 to 2.6 copies on average
2026-06-29,2026-07-12,27,return,side,Ghost Vacuum,"Ghost Vacuum appears for the first time, 3 of 27 lists (11%)"
2026-06-29,2026-07-12,27,adoption,main,Island,"Island fell in the mainboard, 26/37 to 10/27 lists (70% to 37%)"
2026-06-29,2026-07-12,27,adoption,side,Nihil Spellbomb,"Nihil Spellbomb fell in the sideboard, 18/37 to 6/27 lists (49% to 22%)"
2026-06-29,2026-07-12,27,adoption,side,White Orchid Phantom,"White Orchid Phantom fell in the sideboard, 25/37 to 8/27 lists (68% to 30%)"
2026-06-29,2026-07-12,27,copies,main,Witch Enchanter,Witch Enchanter up from 2.8 to 3.3 copies on average
2026-07-13,2026-07-26,21,adoption,main,Orcish Bowmasters,"Orcish Bowmasters climbed in the mainboard, 4/27 to 9/21 lists (15% to 43%)"
2026-07-13,2026-07-26,21,return,main,White Orchid Phantom,"White Orchid Phantom moves to the mainboard, 2 of 21 lists (10%)"
2026-07-27,2026-08-09,28,adoption,main,Bleachbone Verge,"Bleachbone Verge fell in the mainboard, 6/21 to 1/28 lists (29% to 4%)"
2026-07-27,2026-08-09,28,adoption,side,Damping Sphere,"Damping Sphere climbed in the sideboard, 13/21 to 23/28 lists (62% to 82%)"
2026-07-27,2026-08-09,28,copies,main,Flickerwisp,Flickerwisp up from 2.4 to 2.9 copies on average
2026-07-27,2026-08-09,28,adoption,main,March of Otherworldly Light,"March of Otherworldly Light fell in the mainboard, 11/21 to 6/28 lists (52% to 21%)"
2026-07-27,2026-08-09,28,adoption,side,Nihil Spellbomb,"Nihil Spellbomb fell in the sideboard, 7/21 to 2/28 lists (33% to 7%)"
2026-08-10,2026-08-23,112,adoption,side,Clarion Conqueror,"Clarion Conqueror climbed in the sideboard, 17/28 to 111/112 lists (61% to 99%)"
2026-08-10,2026-08-23,112,return,side,Containment Priest,"Containment Priest returns after 24 weeks away, 21 of 112 lists (19%)"
2026-08-10,2026-08-23,112,return,side,Geist of Saint Traft,"Geist of Saint Traft appears for the first time, 6 of 112 lists (5%)"
2026-08-10,2026-08-23,112,return,main,Spell Snare,"Spell Snare appears for the first time, 2 of 112 lists (2%)"
2026-08-24,2026-09-06,133,adoption,main,Consign to Memory,"Consign to Memory climbed in the mainboard, 11/112 to 55/133 lists (10% to 41%)"
2026-08-24,2026-09-06,133,adoption,side,Consign to Memory,"Consign to Memory fell in the sideboard, 101/112 to 78/133 lists (90% to 59%)"
2026-08-24,2026-09-06,133,adoption,side,Damping Sphere,"Damping Sphere fell in the sideboard, 85/112 to 29/133 lists (76% to 22%)"
2026-08-24,2026-09-06,133,adoption,side,"Elesh Norn, Mother of Machines","Elesh Norn, Mother of Machines climbed in the sideboard, 7/112 to 50/133 lists (6% to 38%)"
2026-08-24,2026-09-06,133,adoption,side,Mystical Dispute,"Mystical Dispute fell in the sideboard, 79/112 to 55/133 lists (71% to 41%)"
2026-08-24,2026-09-06,133,adoption,side,Nihil Spellbomb,"Nihil Spellbomb climbed in the sideboard, 10/112 to 77/133 lists (9% to 58%)"
2026-08-24,2026-09-06,133,return,side,Spell Snare,"Spell Snare moves to the sideboard, 8 of 133 lists (6%)"
2026-08-24,2026-09-06,133,adoption,side,White Orchid Phantom,"White Orchid Phantom climbed in the sideboard, 35/112 to 81/133 lists (31% to 61%)"
2026-08-24,2026-09-06,133,event,,,Spotlight Brisbane
2026-08-24,2026-09-06,133,event,,,Spotlight Dallas
